game,boss,feature,skills,image_key,image_value,image_color,image_tag1,attack_key,attack_value,attack_color,attack_tag2,tag3,tag4
FF16,魔界花,毒,"触手伸地戳出、触手下拍地、
吐毒、原地下压、
触手左右拍地、转身",,,,,,,,,,
FF16,辉耀龙骑士,长枪,"突刺、跳起下劈+旋风上挑、
二连横扫、跳跃下戳、大后跳
残血后：二连跳跃下戳、
挥矛尾戳跳投雷枪、暴气击退",,,,,,,,,,
FF16,召唤兽不死鸟,凤凰，瞄准射击,,,,,,,,,,,
FF16,提亚马特,平平无奇的剑士,,,,,,,,,,,
FF16,法夫纳,巨型蜥蜴,,,,,,,,,,,
FF16,暗夜渡鸦,双手剑佣兵,,,,,,,,,,,
FF16,妙翅,风翼人,,,,,,,,,,,
FF16,贝妮迪塔,,,,,,,元素,风,green,元素-风-green,,
FF16,迦楼罗,场地战,,,,,,,,,,,
FF16,召唤兽迦楼罗,,,,,,,,,,,,
FF16,余晖龙骑士,,,,,,,,,,,,
FF16,铁巨人,,,,,,,,,,,,
FF16,炎影伊芙利特&克莱夫,经典打自己,,,,,,,,,,,
FF16,阿卡夏巨龙,,,形象,结晶飞龙,red,形象-结晶飞龙-red,,,,,,
FF16,召唤兽提丰,长臂幽魂,,,,,,,,,,,
FF16,达尔梅奇亚军用豹,豹,,,,,,,,,,,
FF16,黝暗龙骑士,,,,,,,,,,,,
FF16,阿卡夏魔界花,,,,,,,,,,,,
FF16,火蜥蜴,,,,,,,,,,,,
FF16,液态火焰,,,,,,,,,,,,
FF16,长须豹,,,,,,,,,,,,
FF16,胡戈,,,,,,,元素,大地,yellow,元素-大地-yellow,,
FF16,半兽人督军,骨制权杖,,,,,,,,,,,
FF16,送葬者,胸部巨口,,,,,,,,,,,
FF16,召唤兽泰坦,打拳、跑酷+场景BOSS、下落打拳,,,,,,,,,,,
FF16,白龙,冰晶飞龙,,,,,,,,,,,
FF16,惧死者,奇异人形生物,,,,,,,,,,,
FF16,召唤兽巴哈姆特,打拳、射击、混合打拳、宇宙打拳,,,,,,,,,,,
FF16,斯莱普尼尔,,,,,,,,,,,,
FF16,巴拿巴斯·初,,,,,,,,,,,,
FF16,夺魂者,类似：送葬者,,,,,,,,,,,
FF16,控制系统&金巨人,金巨人类似：铁巨人,,,,,,,,,,,
FF16,巴拿巴斯·终,,,,,,,武器,剑,gray,武器-剑-gray,,
FF16,贝希摩斯,肌肉牛,,,,,,,,,,,
FF16,阿尔蒂玛,长翅长角人,,,,,,,,,,,
FF16,最终之战阿尔提玛,砍、空间砍、砍,,,,,,,,,,,
FF16,悬赏：C冥鬼之眼,独眼怪,,,,,,,,,,,
FF16,悬赏：C阿留那,,,,,,,,,,,,
FF16,悬赏：C格瑞玛钦,重复，狼,,,,,,,,,,,
FF16,悬赏：C灵魂刺针,大蚊子,,,,,,,,,,,
FF16,悬赏：C狼群,重复，狼群,,,,,,,,,,,
FF16,悬赏：B贝尔芬格,重复，爬行翼龙,,,,,,,,,,,
FF16,悬赏：B爆弹怪之王,重复，爆弹怪,,,,,,,,,,,
FF16,悬赏：B卡萝特,重复，爆弹怪,,,,,,,,,,,
FF16,悬赏：B赛克雷特,重复，大锤牛头人,,,,,,,,,,,
FF16,悬赏：B赛文利特,重复，遗迹短腿生命体,,,,,,,,,,,
FF16,悬赏：B法斯提托卡伦,重复，乌龟,,,,,,,,,,,
FF16,悬赏：B花棍,重复，巨斧人,,,,,,,,,,,
FF16,悬赏：B神圣号兵,重复，巨炮人,,,,,,,,,,,
FF16,悬赏：A黑剑,重复，双刀人,,,,,,,,,,,
FF16,悬赏：A软糊怪王子,重复，软泥怪,,,,,,,,,,,
FF16,悬赏：A惊骇彗星,重复，红陆行鸟,,,,,,,,,,,
FF16,悬赏：A马格斯兄弟,重复，三个巨斧人,,,,,,,,,,,
FF16,悬赏：A塔纳托斯,重复，送葬者,,,,,,,,,,,
FF16,悬赏：A终端系统,重复，终端系统,,,,,,,,,,,
FF16,悬赏：A死亡王子,镰刀,,,,,,,,,,,
FF16,悬赏：A执意龙骑士,重复，龙骑士,,,,,,,,,,,
FF16,悬赏：A阿嗜尼,重复，结晶蜥蜴,,,,,,,,,,,
FF16,悬赏：A拜库扎,重复，蓝贝西摩斯,,,,,,,,,,,
FF16,悬赏：A拜格尔,重复，长须豹,,,,,,,,,,,
FF16,悬赏：A基札玛路克,重复，翼人,,,,,,,,,,,
FF16,悬赏：A葛柏穆克,重复，哥布林,,,,,,,,,,,
FF16,悬赏：S阿特拉斯,重复，铁巨人,,,,,,,,,,,
FF16,悬赏：S强化奇美拉,重复，奇美拉,,,,,,,,,,,
FF16,悬赏：S斯瓦洛格,重复，红龙,,,,,,,,,,,
FF16,悬赏：S万魔殿,重复，半兽人督军,,,,,,,,,,,
FF16,悬赏：S帝王贝希摩斯,重复，贝西摩斯,,,,,,,,,,,
DS,扩散尖兵,,,,,,,,,,,,
DS,法拉克斯,,,,,,,,,,,,
DS,吸血虫集合体,,,,,,,,,,,,
DS,污秽巨像,,,,,,,,,,,,
DS,高脚铠甲蜘蛛,,,,,,,,,,,,
DS,火炎潜伏者,,,,,,,,,,,,
DS,龙神,,,,,,,,,,,,
DS,少女雅思兰莉亚,,,,,,,,,,,,
DS,高塔骑士,,,,,,,,,,,,
DS,贯穿骑士,,,,,,,,,,,,
DS,愚者偶像,,,,,,,,,,,,
DS,吃人鬼,石像鬼,,,,,,,,,,,
DS,黄衣老翁,,,,,,,,,,,,
DS,审判者,鸟与屠夫,,,,,,,,,,,
DS,老勇士,,,,,,,,,,,,
DS,风暴王,,,,,,,,,,,,
DS,旧王欧兰特,,,,,,,,,,,,
DS,EvilEnding,,,,,,,,,,,,
DS,最终BOSS&GoodEnding,,,,,,,,,,,,
DS1,黯影太阳葛温德林,,,,,,,,,,,,
DS1,白龙希斯,,,,,,,,,,,,
DS1,百足恶魔,,,,,,,,,,,,
DS1,半龙普利希拉,,,,,,,,,,,,
DS1,不死院恶魔,,,,,,,,,,,,
DS1,持续溃烂的生物,,,,,,,,,,,,
DS1,恶魔火焰司祭,,,,,,,,,,,,
DS1,钢铁巨偶,,,,,,,,,,,,
DS1,黑龙喀拉弥特,,,,,,,,,,,,
DS1,灰色大狼希夫,,,,,,,,,,,,
DS1,混沌的温床（火焰壶逃课）,,,,,,,,,,,,
DS1,混沌魔女克拉格,,,,,,,,,,,,
DS1,离群恶魔,,,,,,,,,,,,
DS1,灵庙圣兽,,,,,,,,,,,,
DS1,墓王尼特,,,,,,,,,,,,
DS1,牛头恶魔,,,,,,,,,,,,
DS1,骑士亚尔特留斯,,,,,,,,,,,,
DS1,三人尸术师,,,,,,,,,,,,
DS1,山羊头恶魔,,,,,,,,,,,,
DS1,深渊之主马努斯,,,,,,,,,,,,
DS1,守钟的石像鬼,,,,,,,,,,,,
DS1,贪食魔龙,,,,,,,,,,,,
DS1,翁斯坦／斯摩（先鲨斯摩）,,,,,,,,,,,,
DS1,乌薪王葛温（纯翻滚）,,,,,,,,,,,,
DS1,小隆德四王,,,,,,,,,,,,
DS1,月光蝶,,,,,,,,,,,,
DS2,最后的巨人,,,,,,,,,,,,
DS2,咒缚者,,,,,,,,,,,,
DS2,茫然卫兵,,,,,,,,,,,,
DS2,守钟的石像鬼,,,,,,,,,,,,
DS2,遗忘的罪人,,,,,,,,,,,,
DS2,古龙猎人,,,,,,,,,,,,
DS2,龙骑兵,,,,,,,,,,,,
DS2,放逐罪执行者,,,,,,,,,,,,
DS2,邢吏查略特,,,,,,,,,,,,
DS2,骷髅王,,,,,,,,,,,,
DS2,贪食恶魔,,,,,,,,,,,,
DS2,毒妃米妲,,,,,,,,,,,,
DS2,鎔铁恶魔,,,,,,,,,,,,
DS2,铁之古王,,,,,,,,,,,,
DS2,鼠王先锋,,,,,,,,,,,,
DS2,蝎子钠吉卡,,,,,,,,,,,,
DS2,徘徊的术士,,,,,,,,,,,,
DS2,公爵的弗雷迪亚,,,,,,,,,,,,
DS2,鼠王的试炼,,,,,,,,,,,,
DS2,腐败物,,,,,,,,,,,,
DS2,龙骑兵x,,,,,,,,,,,,
DS2,镜之战士,,,,,,,,,,,,
DS2,歌唱恶魔,,,,,,,,,,,,
DS2,【王盾】韦施塔德,,,,,,,,,,,,
DS2,看守龙,,,,,,,,,,,,
DS2,古龙,,,,,,,,,,,,
DS2,巨人王,,,,,,,,,,,,
DS2,汎克拉德,,,,,,,,,,,,
DS2,【污秽】艾雷娜,,,,,,,,,,,,
DS2,沉睡之龙罪龙,,,,,,,,,,,,
DS2,DLC三基佬,,,,,,,,,,,,
DS2,蓝色鎔铁恶魔,,,,,,,,,,,,
DS2,烟之骑士,,,,,,,,,,,,
DS2,骑士亚伦,,,,,,,,,,,,
DS2,王宠厄娃,,,,,,,,,,,,
DS2,王宠札连&王宠拉铎,,,,,,,,,,,,
DS2,焦灼的白王,,,,,,,,,,,,
DS2,黑暗潜伏者,,,,,,,,,,,,
DS2,最终BOSS三连战+结,,,,,,,,,,,,
DS3,灰烬审判者古达,,,,,,,,,,,,
DS3,冷冽谷的玻尔多,,,,,,,,,,,,
DS3,咒蚀大树,,,,,,,,,,,,
DS3,结晶老者,,,,,,,,,,,,
DS3,幽邃主教群,,,,,,,,,,,,
DS3,深渊的监视者,,,,,,,,,,,,
DS3,老恶魔王,,,,,,,,,,,,
DS3,霸王沃尼尔,,,,,,,,,,,,
DS3,教宗沙力万,,,,,,,,,,,,
DS3,吞噬神明的艾尔德利奇,蜈蚣尾,,,,,,,,,,,
DS3,巨人尤姆,,,,,,,,,,,,
DS3,冷冽谷的舞娘,,,,,,,,,,,,
DS3,妖王欧斯罗艾斯,小龙人,,,,,,,,,,,
DS3,英雄古达,,,,,,,,,,,,
DS3,古老飞龙,,,,,,,,,,,,
DS3,无名王者,,,,,,,,,,,,
DS3,猎龙铠甲,,,,,,,,,,,,
DS3,孪生王子,,,,,,,,,,,,
DS3,薪王们的化身,,,,,,,,,,,,
DS3,王者的守墓人(DLC),大狗+人,,,,,,,,,,,
DS3,⭐️芙莉德修女（DLC）,,,,,,,,,,,,
DS3,恶魔王子（DLC）,,,,,,,,,,,,
DS3,⭐️吞噬黑暗的米狄尔（DLC）,黑龙,,,,,,,,,,,
DS3,「教堂之枪」贺弗莱特（DLC）,,,,,,,,,,,,
DS3,奴隶骑士盖尔（DLC）,,,,,,,,,,,,
Bloodborne,阿米戈达拉,,,,,,,,,,,,
Bloodborne,埃波利耶塔，宇宙之女,,,,,,,,,,,,
Bloodborne,代理人阿梅利亚,,,,,,,,,,,,
Bloodborne,格曼，史上第一名猎人,,,,,,,,,,,,
Bloodborne,海姆维克的女巫,,,,,,,,,,,,
Bloodborne,黑暗怪兽帕阿尔,,,,,,,,,,,,
Bloodborne,加斯科因神父,,,,,,,,,,,,
Bloodborne,⭐️精神钟塔的玛利亚修女,,,,,,,,,,,,
Bloodborne,科斯孤儿,,,,,,,,,,,,
Bloodborne,劳伦斯，第一个代理人,,,,,,,,,,,,
Bloodborne,罗姆，空虚的蜘蛛,,,,,,,,,,,,
Bloodborne,米克拉什，噩梦之主,,,,,,,,,,,,
Bloodborne,墨戈的乳母,,,,,,,,,,,,
Bloodborne,缺血的怪兽,,,,,,,,,,,,
Bloodborne,神职人员怪兽,,,,,,,,,,,,
Bloodborne,失败者,,,,,,,,,,,,
Bloodborne,受诅的路德维格，神圣之剑,,,,,,,,,,,,
Bloodborne,天庭使者,,,,,,,,,,,,
Bloodborne,殉道者洛加留斯,,,,,,,,,,,,
Bloodborne,亚南之影,,,,,,,,,,,,
Bloodborne,月之血姬,,,,,,,,,,,,
Bloodborne,重生之神,,,,,,,,,,,,
Sekiro,幻影之蝶,,,,,,,,,,,,
Sekiro,鬼形部,,,,,,,,,,,,
Sekiro,⭐️苇名弦一郎,,,,,,,,,,,,
Sekiro,幻影破戒僧,,,,,,,,,,,,
Sekiro,无首狮子猿,,,,,,,,,,,,
Sekiro,⭐️狮子猿,,,,,,,,,,,,
Sekiro,苇名一心,,,,,,,,,,,,
Sekiro,巨型忍者枭,,,,,,,,,,,,
Sekiro,义父,,,,,,,,,,,,
Sekiro,樱龙,,,,,,,,,,,,
Sekiro,破戒僧,,,,,,,,,,,,
Sekiro,怨恨之鬼,,,,,,,,,,,,
Sekiro,剑圣苇名一心,,,,,,,,,,,,
EldenRing,恶兆马尔基特,,,,,,,,,,,,
EldenRing,接肢葛瑞克,,,,,,,,,,,,
EldenRing,满月女王蕾那菈,,,,,,,,,,,,
EldenRing,⭐️碎星拉塔恩,,,,,,,,,,,,
EldenRing,龙装大树守卫,,,,,,,,,,,,
EldenRing,铁棘艾隆梅尔,,,,,,,,,,,,
EldenRing,初始之王葛孚雷,,,,,,,,,,,,
EldenRing,亵渎君王拉卡德,,,,,,,,,,,,
EldenRing,恶兆王蒙葛特,,,,,,,,,,,,
EldenRing,鲜血君王蒙格,,,,,,,,,,,,
EldenRing,⭐️腐败女神玛莲妮亚,,,,,,,,,,,,
EldenRing,火焰巨人,,,,,,,,,,,,
EldenRing,黑剑玛利喀斯,,,,,,,,,,,,
EldenRing,百智爵士基甸奥夫尼尔,,,,,,,,,,,,
EldenRing,战士荷莱露,,,,,,,,,,,,
EldenRing,艾尔登之兽,,,,,,,,,,,,
MHW,搔鸟,会挖石头砸你，喜欢蛋,,,,,,,,,,,
MHW,炫鸟,可以制造强光让你（和怪物）眩晕,,,,,,,,,,,
MHW,毒妖鸟,尾巴会喷毒的鸡,,,,,,,,,,,
MHW,雌火龙,绿色的带毒喷火龙，擅长用爪抓人,,,,,,,,,,,
MHW,雄火龙,红色的也带毒喷火龙，擅长喷火,,,,,,,,,,,
MHW,樱火龙,发疯版本的飞龙，剧毒且喷火,,,,,,,,,,,
MHW,苍火龙,飞龙顶端,,,,,,,,,,,
MHW,角龙,退化飞龙，已经飞不高，但是用角和锤子样的尾巴攻击,,,,,,,,,,,
MHW,黑角龙,黑化（进入繁殖期）的角龙,,,,,,,,,,,
MHW,浮空龙,气球+猴子的组合体哈哈哈哈,,,,,,,,,,,
MHW,风飃龙,这个帅，冰属性蓝白色的龙,,,,,,,,,,,
MHW,爆鳞龙,巨型轰炸机，后期乱入贼烦,,,,,,,,,,,
MHW,大贼龙,中分哥，菜的,,,,,,,,,,,
MHW,痹贼龙,麻痹中分哥，不那么菜的,,,,,,,,,,,
MHW,岩贼龙,会吐火的中分哥，不算菜的,,,,,,,,,,,
MHW,飞雷龙,有点像尾巴带点的松鼠,,,,,,,,,,,
MHW,惨爪龙,浑身腐肉红色带利爪的发疯松鼠（？？？,,,,,,,,,,,
MHW,泥鱼龙,是泥鳅哒,,,,,,,,,,,
MHW,熔岩龙,是在岩浆的泥鳅哒,,,,,,,,,,,
MHW,土砂龙,头铁，横冲直撞会摔泥巴的龙,,,,,,,,,,,
MHW,骨槌龙,浑身是骨头会像西瓜虫一样变成圆撞的龙,,,,,,,,,,,
MHW,爆锤龙,类似鼓槌龙但是会甩出爆弹炸弹的龙,,,,,,,,,,,
MHW,蛮颚龙,带小翅膀的霸王龙。（？,,,,,,,,,,,
MHW,恐暴龙,长者两条小腿的绿色丝瓜，贼强,,,,,,,,,,,
MHW,麒麟,雷属性的独角兽,,,,,,,,,,,
MHW,⭐️灭烬龙,咩咩子，身上覆盖有有可再生的刺,,,,,,,,,,,
MHW,钢龙（风翔龙）,如其名，皮肤如钢铁般坚硬,,,,,,,,,,,
MHW,炎王龙,长翅膀的红色火焰狮子哒,,,,,,,,,,,
MHW,炎妃龙,长翅膀的蓝色火焰狮子哒,,,,,,,,,,,
MHW,熔山龙,哥斯拉那种感觉的山一样大的龙,,,,,,,,,,,
MHW,冥灯龙,很强的初生古龙,,,,,,,,,,,
MHW,烂辉龙,分阶段要打的据说全貌有点像蜗牛软体的龙。,,,,,,,,,,,
MHWI,冰鱼龙,亚种，雪地类比泥潭，还可,,,,,,,,,,,
MHWI,猛牛龙,有点点像泥沙龙，还可,,,,,,,,,,,
MHWI,痹毒龙,亚种，加了麻痹 + 毒属性,,,,,,,,,,,
MHWI,眠浮龙,亚种，加了睡眠,,,,,,,,,,,
MHWI,水妖鸟,亚洲，加了水,,,,,,,,,,,
MHWI,⭐️冰牙龙,用飞翔爪会比较合适打,,,,,,,,,,,
MHWI,迅龙,旧怪物，黑色快速,,,,,,,,,,,
MHWI,⭐️斩龙,旧怪物，斩尾，火炎,,,,,,,,,,,
MHWI,轰龙,旧怪物，龙车,,,,,,,,,,,
MHWI,碎龙,旧怪物，头槌爆炸,,,,,,,,,,,
MHWI,霜翼风飘龙,亚种，加冰,,,,,,,,,,,
MHWI,雷颚龙,亚种，强化雷,,,,,,,,,,,
MHWI,硫斩龙,亚种，感觉强度不如原版,,,,,,,,,,,
MHWI,凶爪龙,亚种，加了龙属性？,,,,,,,,,,,
MHWI,⭐️冰咒龙,古龙，卡关，多人会好打很多,,,,,,,,,,,
MHWI,红莲爆鳞龙,亚种，强化爆炸,,,,,,,,,,,
MHWI,怒食恐暴龙,亚种，依旧的恶心丝瓜,,,,,,,,,,,
MHWI,雾瘴尸套龙,古龙亚种，该锤一样的锤,,,,,,,,,,,
MHWI,溟波龙,古龙，使用水+电，初见眼前一亮,,,,,,,,,,,
MHWI,歼世灭烬龙,古龙亚种，该锤一样的锤,,,,,,,,,,,
MHWI,天地煌啼龙,古龙，伟大存在，对标冥灯龙，还可,,,,,,,,,,,
MHWI,⭐️雷狼龙,帅就一个字,,,,,,,,,,,
MHWI,黑狼鸟,该锤一样的锤,,,,,,,,,,,
MHWI,金火龙,特化毒属性,,,,,,,,,,,
MHWI,银火龙,特化火属性,,,,,,,,,,,
MHWI,片耳黑狼鸟,特化喷射,,,,,,,,,,,
MHWI,黑轰龙,特化吼叫,,,,,,,,,,,
MHWI,金狮子,,,,,,,,,,,,
MHWI,狱狼龙,,,,,,,,,,,,
MHWI,⭐️猛爆碎龙,,,,,,,,,,,,
MHWI,激昂金狮子,,,,,,,,,,,,
MHWI,⭐️绚辉龙,,,,,,,,,,,,
MHWI,历战王 溟波龙,,,,,,,,,,,,
MHWI,⭐️煌黑龙,,,,,,,,,,,,
MHWI,霜刃冰牙龙,,,,,,,,,,,,
MHWI,⭐️黑龙,,,,,,,,,,,,
MHWI,历战王 冰咒龙,,,,,,,,,,,,
MHR,怨虎龙,,,,,,,,,,,,
MHR,镰鼬龙王,,,,,,,,,,,,
MHR,伞鸟,,,,,,,,,,,,
MHR,人鱼龙,,,,,,,,,,,,
MHR,泥翁龙,,,,,,,,,,,,
MHR,妃蜘蛛,,,,,,,,,,,,
MHR,天狗兽,,,,,,,,,,,,
MHR,雪鬼兽,,,,,,,,,,,,
MHR,河童蛙,,,,,,,,,,,,
MHR,风神龙,,,,,,,,,,,,
MHR,雷神龙,,,,,,,,,,,,
MHR,百龙渊源雷神龙,,,,,,,,,,,,
MHRSB,棘龙,,,,,,,,,,,,
MHRSB,棘茶龙,,,,,,,,,,,,
MHRSB,嗟怨震天虎龙,,,,,,,,,,,,
MHRSB,冰狼龙,,,,,,,,,,,,
MHRSB,冰人鱼龙,,,,,,,,,,,,
MHRSB,熔翁龙,,,,,,,,,,,,
MHRSB,炽妃蜘蛛,,,,,,,,,,,,
MHRSB,绯天狗兽,,,,,,,,,,,,
MHRSB,刚缠兽,,,,,,,,,,,,
MHRSB,爵银龙,,,,,,,,,,,,
MHRSB,冥渊龙,,,,,,,,,,,,
DMC4,火牛,火牛,,,,,,,,,,,
DMC4,冰蛙,,,,,,,,,,,,
DMC4,花蛇,,,,,,,,,,,,
DMC4,大舅子,片翼天使,,,,,,,,,,,
DMC4,苍蝇,,,,,,,,,,,,
DMC4,教皇,,,,,,,,,,,,
DMCDMC,猎人,爬行 匕首,射出手掌 迷雾,,,,,,,,,,
DMCDMC,毒昆虫,,固定场地,,,,,,,,,,
DMCDMC,播音员,地图炮,固定场地,,,,,,,,,,
DMCDMC,音波怪,,,,,,,,,,,,
DMCDMC,场地大Boss,,,,,,,,,,,,
DMCDMC,Vergil,,,,,,,,,,,,
DMC5,地狱之王,,,,,,,,,,,,
DMC5,花怪,,,,,,,,,,,,
DMC5,口炮巨熊,,,,,,,,,,,,
DMC5,六翅蛾子,浮游炮,,,,,,,,,,,
DMC5,触手怪,,,,,,,,,,,,
DMC5,骑马,,,,,,,,,,,,
DMC5,巨型四足怪,,,,,,,,,,,,
DMC5,骑士群,,,,,,,,,,,,
DMC5,手怪群,,,,,,,,,,,,
DMC5,⭐️片翼骑士,,,,,,,,,,,,
DMC5,地狱之王.站起,,,,,,,,,,,,
DMC5,三幻影,,,,,,,,,,,,
DMC5,人骑龙,,,,,,,,,,,,
DMC5,地狱三头犬,,,,,,,,,,,,
DMC5,地狱之王.站起2,,,,,,,,,,,,
DMC5,3召唤,,,,,,,,,,,,
DMC5,维吉尔,,,,,,,,,,,,
NIOH,刽子手德瑞克,斧子,右斜下左斜下纵下、横扫、冲撞,,,,,,,,,,
NIOH,怨灵鬼,脚镣,,,,,,,,,,,
NIOH,飞缘魔,蝙蝠 麻痹,,,,,,,,,,,
NIOH,鵺,白虎,,,,,,,,,,,
NIOH,假立花宗茂,,,,,,,,,,,,
NIOH,真立花宗茂,,,,,,,,,,,,
NIOH,大百足,蜈蚣,,,,,,,,,,,
NIOH,海坊主,史莱姆,,,,,,,,,,,
NIOH,丸目长惠,修炼场,,,,,,,,,,,
NIOH,服部半藏,,,,,,,,,,,,
NIOH,女郎蜘蛛,蜘蛛,,,,,,,,,,,
NIOH,雪女,冰,,,,,,,,,,,
NIOH,井伊直政,长枪,,,,,,,,,,,
NIOH,白虎,翅膀猫,,,,,,,,,,,
NIOH,大怨灵鬼,,,,,,,,,,,,
NIOH,大蛤蟆,蛤蟆,,,,,,,,,,,
NIOH,丸目长惠加强版,,,,,,,,,,,,
NIOH,服部半藏加强版,,,,,,,,,,,,
NIOH,鬼女,佝偻 长爪,,,,,,,,,,,
NIOH,本多忠胜,,,,,,,,,,,,
NIOH,阿胜,,,,,,,,,,,,
NIOH,杂贺孙一,鸟 枪手,,,,,,,,,,,
NIOH,柳生石舟斋,,,,,,,,,,,,
NIOH,足利义辉,,,,,,,,,,,,
NIOH,宝藏院胤荣,,,,,,,,,,,,
NIOH,坂田金时,,,,,,,,,,,,
NIOH,司箭院兴仙,,,,,,,,,,,,
NIOH,大谷吉继,蝗虫 双刀,,,,,,,,,,,
NIOH,岛左近,雷 长枪,,,,,,,,,,,
NIOH,荒骷髅,场地BOSS,,,,,,,,,,,
NIOH,石田三成,风,,,,,,,,,,,
NIOH,漆黑武士,,,,,,,,,,,,
NIOH,织田信长,孔雀,,,,,,,,,,,
NIOH,凯瑞,黑蛇,,,,,,,,,,,
NIOH,八岐大蛇,地图Boss,,,,,,,,,,,
NIOH,东西无双,双打,,,,,,,,,,,
NIOH,雪女信长,双打,,,,,,,,,,,
NIOH,百目,异性 触手 权杖,,,,,,,,,,,
NIOH,伊达成实,蜈蚣,,,,,,,,,,,
NIOH,片仓重长,发呆开场 大斧,,,,,,,,,,,
NIOH,伊达政宗,风 水,,,,,,,,,,,
NIOH,玛丽亚,西洋剑,,,,,,,,,,,
NIOH,龙之臂膀,双打,,,,,,,,,,,
NIOH,猿飞佐助,旋棍,,,,,,,,,,,
NIOH,真田幸村,长枪 火 麒麟,,,,,,,,,,,
NIOH,佐佐木小次郎,大太刀,,,,,,,,,,,
NIOH,真田幸村PLUS,长枪 火 麒麟,,,,,,,,,,,
NIOH,阴摩罗鬼,鸟,,,,,,,,,,,
NIOH,丰臣秀赖,双刀,,,,,,,,,,,
NIOH,⭐️九尾妖狐,九尾狐,,,,,,,,,,,
NIOH,岛左近PLUS,,,,,,,,,,,,
NIOH,隼仁,忍术,,,,,,,,,,,
NIOH2,⭐️马头鬼,断头大刀,,,,,,,,,,,
NIOH2,烟烟罗,拳头 瞬移,,,,,,,,,,,
NIOH2,牛头鬼,大棒,,,,,,,,,,,
NIOH2,夜刀神,蛇 毒,,,,,,,,,,,
NIOH2,今川义元,双刀,,,,,,,,,,,
NIOH2,镰鼬,老鼠 旋风斩,,,,,,,,,,,
NIOH2,塚原卜传,剑,,,,,,,,,,,
NIOH2,斋藤义龙,镜像主角,,,,,,,,,,,
NIOH2,崇枭,猫头鹰,,,,,,,,,,,
NIOH2,漆黑武士,大斧,,,,,,,,,,,
NIOH2,真柄直隆,大太刀,,,,,,,,,,,
NIOH2,本多忠胜,长矛,,,,,,,,,,,
NIOH2,浅井长政,片翼鸟人,,,,,,,,,,,
NIOH2,织田信长,单手剑,,,,,,,,,,,
NIOH2,怨灵鬼,囚犯铁链,,,,,,,,,,,
NIOH2,杂贺孙一,火枪,,,,,,,,,,,
NIOH2,牛鬼,蜘蛛牛,,,,,,,,,,,
NIOH2,火车,狐狸 车轮 鞭子,,,,,,,,,,,
NIOH2,两面宿傩,四足两面 阴阳术,,,,,,,,,,,
NIOH2,前田利家,长枪,,,,,,,,,,,
NIOH2,柴田胜家,双斧 象牙,,,,,,,,,,,
NIOH2,松永久秀,阴险 双刀,,,,,,,,,,,
NIOH2,藤吉郎,双刀 猴子,,,,,,,,,,,
NIOH2,蜂须贺小六,锁链 龟壳 水,,,,,,,,,,,
NIOH2,大太法师,场地BOSS,,,,,,,,,,,
NIOH2,酒吞童子,长柄锤 醉酒 火,,,,,,,,,,,
NIOH2,长壁姬,场地BOSS,,,,,,,,,,,
NIOH2,前田庆次,长矛,,,,,,,,,,,
NIOH2,藤吉郎,双刀,,,,,,,,,,,
NIOH2,果心居士,影分身,,,,,,,,,,,
NIOH2,威廉,主角对决,,,,,,,,,,,
NIOH2,大狱丸,大锤 多剑,,,,,,,,,,,
NIOH2,神秘勇僧,多武器,,,,,,,,,,,
NIOH2,海入道,史莱姆,,,,,,,,,,,
NIOH2,夜枭,白虎,,,,,,,,,,,
NIOH2,⭐️源义经,鸟人,,,,,,,,,,,
NIOH2,⭐️源赖光,召唤 次元斩,,,,,,,,,,,
NIOH2,土蜘蛛,人形蜘蛛,,,,,,,,,,,
NIOH2,大蛤蟆,长矛 忍术,,,,,,,,,,,
NIOH2,白虎,翅膀 猫,,,,,,,,,,,
NIOH2,黄泉雷神,鸟居,,,,,,,,,,,
NIOH2,隼涟,忍术,,,,,,,,,,,
NIOH2,大岳丸,剑,,,,,,,,,,,
NIOH2,立乌帽子,镰刀,,,,,,,,,,,
NIOH2,祸梦鬼,妙蛙种子,,,,,,,,,,,
NIOH2,女天狗,扇子,,,,,,,,,,,
NIOH2,空海,权杖,,,,,,,,,,,
FFO,混沌成员,单手剑,,,,,,,,,,,
FFO,海盗比凯,长柄斧,,,,,,,,,,,
FFO,黑骑士,骑马 双头矛,,,,,,,,,,,
FFO,核心元素（水火双子）,金属球 双属性,,,,,,,,,,,
FFO,奇美拉,翅膀狮子 尾巴蛇,,,,,,,,,,,
FFO,风之混沌—提亚马特,六头龙人,,,,,,,,,,,
FFO,大毛尔波尔,史莱姆,,,,,,,,,,,
FFO,火之混沌—马莉莉丝,六臂蛇,,,,,,,,,,,
FFO,僵尸龙,僵尸龙,,,,,,,,,,,
FFO,土之混沌—巫妖,骨制翅膀,,,,,,,,,,,
FFO,巨钳虾,机械蜈蚣,,,,,,,,,,,
FFO,水之混沌—克拉肯,触手头,,,,,,,,,,,
FFO,海盗比凯（混沌化）,,,,,,,,,,,,
FFO,铁巨人,机械巨人,,,,,,,,,,,
FFO,凶恶巨兽,贝希摩斯,,,,,,,,,,,
FFO,阿斯托斯,挚友 机械妙蛙种子,,,,,,,,,,,
FFO,最终混沌—混沌之暗,四臂怪,,,,,,,,,,,
Wolong,张梁,长柄锤 伸长手 土,抡锤、跳砸、前拖、土柱；后滚；暴气荆棘,,,,,,,,,,
Wolong,朱厌,粗臂猿,抡拳、红冲脚、红下砸、拍地；前跑，后跳，侧跳；怒吼,,,,,,,,,,
Wolong,封豨,野猪,前拱、转身、红下砸；转身；顿脚、倒地,,,,,,,,,,
Wolong,张宝,佝偻 铃铛 火,三连火圈、火球、地火、螺旋火球、近身剑、召唤小怪；瞬移；,,,,,,,,,,
Wolong,张角,巨型 爬行 权杖 雷,"雷圈落雷、散符咒落雷、磕头（烟圈）、吐息、红吐弹、
挥权杖、捞手、趴砸、红下砸；前跳",,,,,,,,,,
Wolong,獓因,触手牛 冰,前跳砸、触手扫地、砸地、前戳、红前撞、吐冰,,,,,,,,,,
Wolong,白蛇,蛇 舞女 毒,"吐场地毒圈、正逆扫尾、舞袖蛇头、
红蛇头前咬、跳砸、前冲、红场地爬行撞；侧闪",,,,,,,,,,
Wolong,张让,影分身 雷,"红突刺、雷圈、范围落雷、直线落雷、
漂浮螺旋斩、前挥剑；侧瞬闪；原地暴风",,,,,,,,,,
Wolong,华雄,长柄锤,红舞棍前冲、红转身砸、突刺前戳；前冲、后翻滚,,,,,,,,,,
Wolong,吕布,骑马下马 火,"骑马：红下砸、红前冲、射箭；
红下砸、红突进、后撤斩、前冲斩、前突刺、若干斩击、射箭；骑马冲刺",,,,,,,,,,
Wolong,饕餮,巨型 独臂 多足爬行,跳砸、红脚踩；掉头处决；跳跃处决,,,,,,,,,,
Wolong,孙坚,虎 尾巴,"前扑、绕尾、尾勾后跳、尾勾侧跳、
农夫二拳+勾、勾尾二连扫、勾尾旋风、
下踩脚、红前扑、红勾尾扫；小后跳；下砸吼",,,,,,,,,,
Wolong,董卓,飞刀 矛,"飞刀、扇形飞刀、砍砍踩、砍砍突砍、
红前抓、三连突、红下旋砍、跳投矛、五连镖、红剑气砍、
前踢脚、红上旋砍、拖矛旋转；后翻滚",,,,,,,,,,
Wolong,夏侯惇,翼人 斧 火,"红停顿飞、斜上砍、斜下砍、拖地砍、
旋转前冲、红下砍、原地脚踩；旋转然后飞远",,,,,,,,,,
Wolong,⭐️张辽,雷,"红空下旋砍、长旋砍前戳、二连转前戳侧砍、
前突砍雷、红直戳、直跳砍落雷、前戳前戳横砍前戳；
召雷；后跳、侧跳",,,,,,,,,,
Wolong,魔吕布,乒乓球,"顿前侧砍、绕场火球、跳前戳、二连脚踩、绕矛下戳、
双脚踩、红跳空踩、红拖地矛、四连脚踩火、二连剑气矛、红火球；后跳",,,,,,,,,,
Wolong,颜良&文丑,双BOSS 大锤,"跳砸、砸、抡、拖地地刺、红拳
飞扑、红跳螺旋、下砸刀",,,,,,,,,,
Wolong,刘备,飞龙,"爆气3雷球（圈）、飞弧斩、三连转砍戳、4连螺旋、
跳前斩、红尾冲、旋转升天、红刀波；旋转前冲、飞后跳",,,,,,,,,,
Wolong,袁绍,炮 盾 冰,"后跳炮、侧跳炮、前抽鞭、持盾、红前盾击
冰雨、二连鞭、前冲炮",,,,,,,,,,
Wolong,于吉,法师,四连冰锥、撒粉爆炸、旋转大剑、空中红球、红下冲、红抓手；瞬移,,,,,,,,,,
Wolong,飞龙,场地Boss,UNKNOWN,,,,,,,,,,
Wolong,蒙眼少年,剑仙,"红抓手、红升龙、红跳劈、红大剑突、
水墨大剑、跳御剑、御剑散射、……；漂浮；转阶段",,,,,,,,,,
HollowKnight,⭐️假骑士,三阶段 虚弱,跳跃、冲锋、蓄力锤、跳跃重锤、狂怒虚弱,,,,,,,,,,
HollowKnight,格鲁兹之母,,冲撞、连环猛撞,,,,,,,,,,
HollowKnight,躁郁的毛里克,扭曲怪物 元件弹幕,喷射、跳砸、挥爪,,,,,,,,,,
HollowKnight,大型苔藓冲锋者,小怪加强,来回冲刺,,,,,,,,,,
HollowKnight,水晶守卫,场地攻击,直射激光,,,,,,,,,,
HollowKnight,吸虫之母,本体固定,召唤浮游生物,,,,,,,,,,
HollowKnight,粪虫防御者,变种招式,地突/跟踪地突/带扔球地突 扔球 变球,,,,,,,,,,
HollowKnight,⭐️灵魂大师,变种招式 假动作,冲刺/缓慢浮游炮冲刺 跟踪弹 下砸冲击波/假动作下砸,,,,,,,,,,
HollowKnight,灵魂战士,场地召唤,下批 突刺 跟踪弹 瞬移,,,,,,,,,,
HollowKnight,收藏家,拘禁/场地召唤/持续加码,跳挠 上跳,,,,,,,,,,
HollowKnight,诺斯克,扭曲怪物,跳砸 冲刺 喷射/飞天持续喷射,,,,,,,,,,
HollowKnight,螳螂领主,车轮战/组合技 读招,下戳 突刺 持续圆盘,,,,,,,,,,
HollowKnight,叛徒领主,刀波,突刺 斜下戳 刀波,,,,,,,,,,
HollowKnight,奥波路波,持续弹幕 组合,八方向弹幕,,,,,,,,,,
HollowKnight,神之驯服者,人+宠物 组合,跳劈 滚动/喷射,,,,,,,,,,
HollowKnight,乌姆,场地攻击 破防,跟踪电/地图炮电,,,,,,,,,,
HollowKnight,守望者骑士,团体战斗,二连斩断 滚动 冲刺/后撤,,,,,,,,,,
HollowKnight,守护者大黄蜂,镜像角色,突刺/下突刺 扔出收回 丝线攻击 后撤/跳跃,,,,,,,,,,
HollowKnight,残破容器,镜像角色 地图攻击,冲刺斩/空中版 下刺 4连抡 地图炮 后撤/跳跃,,,,,,,,,,
HollowKnight,空洞骑士,,UNKNOWN,,,,,,,,,,
HollowKnight,辐光,,UNKNOWN,,,,,,,,,,
HollowKnight,剧团团长格林,,UNKNOWN,,,,,,,,,,
HollowKnight,蜂巢骑士,地图炮 特色召唤,地图炮尖刺3连 呕吐蜂群 突刺 瞬移,,,,,,,,,,
HollowKnight,骨钉兄弟奥罗与马托,,UNKNOWN,,,,,,,,,,
HollowKnight,绘画大师席奥,,UNKNOWN,,,,,,,,,,
HollowKnight,伟大骨钉贤者斯莱,,UNKNOWN,,,,,,,,,,
HollowKnight,胡长老,,大锤齐砸/依次砸下 传送,,,,,,,,,,
HollowKnight,加利安,,旋转镰刀/弹球 传送,,,,,,,,,,
HollowKnight,戈布,,八方向刺/二连/三连 瞬移,,,,,,,,,,
HollowKnight,马科斯,,跟踪刺 旋转盾,,,,,,,,,,
HollowKnight,马尔穆,,跟踪弹球 瞬移,,,,,,,,,,
HollowKnight,无眼,,横向幽魂 瞬移,,,,,,,,,,
HollowKnight,泽若,,双跟踪刺/收回,,,,,,,,,,
HollowKnight,岗哨大黄蜂,场地陷阱 防反,突刺 扔出收回 丝线攻击 格挡防反,,,,,,,,,,
HollowKnight,暴怒守卫,增强普通版,颜色发生变化,,,,,,,,,,
HollowKnight,战斗姐妹,,UNKNOWN,,,,,,,,,,
HollowKnight,有翼诺斯克,,UNKNOWN,,,,,,,,,,
HollowKnight,纯粹容器,,UNKNOWN,,,,,,,,,,
HollowKnight,无上辐光,,UNKNOWN,,,,,,,,,,
HollowKnight,灰色王子左特,,乱冲倒地/直接倒地 跳砸/跳位移砸 下冲 吐召唤物/吐自爆 跑动,,,,,,,,,,
HollowKnight,白色防御者,,UNKNOWN,,,,,,,,,,
HollowKnight,梦魇之王格林,,UNKNOWN,,,,,,,,,,
WildHearts,花宿,,,,,,,,,,,,
WildHearts,琥珀主,,,,,,,,,,,,
WildHearts,山穿槌,,,,,,,,,,,,
WildHearts,角飞,,,,,,,,,,,,
WildHearts,姬冠禽,,,,,,,,,,,,
WildHearts,砂鼓,,,,,,,,,,,,
WildHearts,炼狱猿,,,,,,,,,,,,
WildHearts,岩鸣熊,,,,,,,,,,,,
WildHearts,笠宿,,,,,,,,,,,,
WildHearts,金针背,,,,,,,,,,,,
WildHearts,黑缠鸦,,,,,,,,,,,,
WildHearts,净土猿,,,,,,,,,,,,
WildHearts,罗刹,,,,,,,,,,,,
WildHearts,彼岸飞,,,,,,,,,,,,
WildHearts,天照守,,,,,,,,,,,,
WildHearts,不知火,,,,,,,,,,,,
WildHearts,岚金虎,,,,,,,,,,,,
WildHearts,天碟龙,,,,,,,,,,,,
WildHearts,天碟人,,,,,,,,,,,,